{
    "TP": 2714,
    "FP": 2151,
    "FN": 1754,
    "precision": 0.5578622814886203,
    "recall": 0.6074306175901005,
    "f1": 0.5815917005019237
}